{"properties": [
  {
    "name": "hazelcast.client.network.multicast.enabled",
    "type": "java.lang.String",
    "description": "A description for 'hazelcast.client.network.multicast.enabled'"
  },
  {
    "name": "hazelcast.client.network.tcpip.enabled",
    "type": "java.lang.String",
    "description": "A description for 'hazelcast.client.network.tcpip.enabled'"
  },
  {
    "name": "hazelcast.client.network.tcpip.members",
    "type": "java.lang.String",
    "description": "A description for 'hazelcast.client.network.tcpip.members'"
  }
]}